{
  "K": {
    "PASS": 7.568742246538933e-05,
    "BET": 0.9999243125775346
  },
  "Qp": {
    "PASS": 0.9999850706159864,
    "BET": 1.4929384013615598e-05
  },
  "Kpb": {
    "PASS": 0.24822871048201184,
    "BET": 0.7517712895179882
  },
  "Qb": {
    "PASS": 1.4929384013615598e-05,
    "BET": 0.9999850706159864
  },
  "Q": {
    "PASS": 1.511715797430083e-05,
    "BET": 0.9999848828420257
  },
  "Jp": {
    "PASS": 1.510756586898719e-05,
    "BET": 0.999984892434131
  },
  "Qpb": {
    "PASS": 0.5,
    "BET": 0.5
  },
  "Jb": {
    "PASS": 0.999984892434131,
    "BET": 1.510756586898719e-05
  },
  "J": {
    "PASS": 0.6759829759897498,
    "BET": 0.32401702401025023
  },
  "Jpb": {
    "PASS": 3.3011853864736925e-05,
    "BET": 0.9999669881461353
  },
  "Kp": {
    "PASS": 0.9999850357645228,
    "BET": 1.496423547720947e-05
  },
  "Kb": {
    "PASS": 0.6730226568488011,
    "BET": 0.3269773431511989
  }
}